id,name,name_url,timestamp,price,market_cap,volume24h,circulating_supply,n_wallets,wallets,news_titles,news_urls
1896,0x,0x,2021-04-12 20:29:07.346373+00:00,2.14,1670283588,266393161,781547659,4,"['Ledger', 'Trust Wallet', 'MetaMask', 'Coinbase']",[],[]
7278,Aave,aave,2021-04-12 20:22:02.386288+00:00,408.05,5094513434,649203072,12485052,5,"['Ledger', 'Trust Wallet', 'MetaMask', 'Coinbase', 'Safepal']","['DeFi Continues Blistering Growth in February: Flipside Crypto', 'What Are ERC-20 Tokens? Find Out Now as the Decentralized Finance Industry Takes Off']","['https://coinmarketcap.com/alexandria/article/defi-continues-blistering-growth-in-february-flipside-crypto', 'https://coinmarketcap.com/alexandria/article/what-are-erc-20-tokens-find-out-now-as-the-decentralized-finance-industry-takes-off']"
4030,Algorand,algorand,2021-04-12 20:35:09.111517+00:00,1.47,3962628563,509705588,2698362624,6,"['Ledger', 'Trezor', 'Math Wallet', 'Trust Wallet', 'Coinbase', 'Algorand wallet']","['Crypto Staking Guide 2021', 'Hype or Legit? How to Assess if a Blockchain Project Has Real Potential: Flipside Crypto']","['https://coinmarketcap.com/alexandria/article/crypto-staking-guide-2021', 'https://coinmarketcap.com/alexandria/article/hype-or-legit-how-to-assess-if-a-blockchain-project-has-real-potential']"
3783,Ankr,ankr,2021-04-12 20:25:25.689066+00:00,0.1617,1131452814,172276602,6996232711,3,"['Trust Wallet', 'MetaMask', 'Binance Chain Wallet']",[],[]
5805,Avalanche,avalanche,2021-04-12 20:20:44.576265+00:00,34.42,4425248621,382143652,128557367,5,"['Ledger', 'Trezor', 'Math Wallet', 'Trust Wallet', 'Avalanche Wallet']",[],[]
3673,BTMX,bitmax-token,2021-04-12 20:24:18.175995+00:00,1.39,1044746615,11246508,749317256,2,"['Trust Wallet', 'MetaMask']",[],[]
1727,Bancor,bancor,2021-04-12 20:26:06.902741+00:00,6.97,1244509487,110598362,178580525,4,"['Ledger', 'Trust Wallet', 'MetaMask', 'Coinbase']",['Crypto Outperforms Traditional Markets With DEX Tokens Leading the Way: A Data Perspective by IntoTheBlock'],['https://coinmarketcap.com/alexandria/article/crypto-outperforms-traditional-markets-with-dex-tokens-leading-the-way-a-data-perspective-by-intotheblock']
1697,Basic Attention Token,basic-attention-token,2021-04-12 20:31:02.559232+00:00,1.42,2123517122,470870025,1492811960,5,"['Ledger', 'Trust Wallet', 'MetaMask', 'Coinbase', 'Binance Chain Wallet']",[],[]
4687,Binance USD,binance-usd,2021-04-12 20:21:47.251136+00:00,1.0,5048386043,6586127920,5039070576,4,"['Ledger', 'Trust Wallet', 'MetaMask', 'Binance Chain Wallet']",[],[]
3718,BitTorrent,bittorrent,2021-04-12 20:22:21.104937+00:00,0.008048,5311124723,1195188616,659952625000,2,"['Ledger', 'Tronlink']",[],[]
1,Bitcoin,bitcoin,2021-04-12 20:19:54.329310+00:00,60055.33,1121884604684,51911787755,18680850,10,"['Ledger', 'Trezor', 'Math Wallet', 'Trust Wallet', 'BTC Wallet', 'Electrum', 'Coinbase', 'Cobo', 'Safepal', 'Edge']","['Dire Predictions about Coinbase Made as Stock Market Debut Looms', ""Bitcoin is a 'Caged Bull' That's Ready to Escape... and 2021 is 'Tame' Compared with 2017"", 'MicroStrategy Directors Are Now Going to Get Their Bonuses in Bitcoin', ""This New Study Has a Big Warning When It Comes to Bitcoin's Impact on the Climate"", 'Revealed: Who Made It onto the Forbes List of Crypto Billionaires', ""Trust in Crypto Could 'Rapidly Evaporate' — Disrupting Financial Markets, ECB Official Says"", 'TI Weekly Market Observation: XRP Soars and the Trading Sector Leads the Market', 'Crypto Staking Guide 2021']","['https://coinmarketcap.com/alexandria/article/dire-predictions-about-coinbase-made-as-stock-market-debut-looms', 'https://coinmarketcap.com/alexandria/article/bitcoin-is-a-caged-bull-thats-ready-to-escape-and-2021-is-tame-compared-with-2017', 'https://coinmarketcap.com/alexandria/article/microstrategy-directors-are-now-going-to-get-their-bonuses-in-bitcoin', 'https://coinmarketcap.com/alexandria/article/this-new-study-has-a-big-warning-when-it-comes-to-bitcoins-impact-on-the-climate', 'https://coinmarketcap.com/alexandria/article/revealed-who-made-it-onto-the-forbes-list-of-crypto-billionaires', 'https://coinmarketcap.com/alexandria/article/trust-in-crypto-could-rapidly-evaporate-disrupting-financial-markets-ecb-official-says', 'https://coinmarketcap.com/alexandria/article/ti-weekly-market-observation-xrp-soars-and-the-trading-sector-leads-the-market', 'https://coinmarketcap.com/alexandria/article/crypto-staking-guide-2021']"
4023,Bitcoin BEP2,bitcoin-bep2,2021-04-12 20:34:24.672039+00:00,60362.2,3304429778,78749349,54743,3,"['Ledger', 'MetaMask', 'Binance Chain Wallet']",[],[]
2083,Bitcoin Gold,bitcoin-gold,2021-04-12 20:30:26.398019+00:00,115.0,2014137952,172411958,17513924,1,['Ledger'],"['What Is GPU Mining?', 'Why Nobody Can Hack a Blockchain', 'What Is Censorship Resistance?']","['https://coinmarketcap.com/alexandria/article/what-is-gpu-mining', 'https://coinmarketcap.com/alexandria/article/why-nobody-can-hack-a-blockchain', 'https://coinmarketcap.com/alexandria/article/what-is-censorship-resistance']"
3602,Bitcoin SV,bitcoin-sv,2021-04-12 20:21:19.572730+00:00,259.37,4851313875,1087602874,18703983,7,"['Ledger', 'Trezor', 'Math Wallet', 'Trust Wallet', 'Exodus', 'Cobo', 'Safepal']","['Bitcoin vs Bitcoin Cash vs Bitcoin SV', 'Dogecoin Unleashed: DOGE Price Goes Crazy as Carole Baskin Makes Surreal Endorsement', 'What Are Mined Coins?\xa0', 'A Deep Dive Into Tezos', 'Bitcoin Cash Has an Unlikely New Supporter', ""XRP is 'Toxic Waste' and Bitcoin Cash is a 'Pile of S***', Messari Report Says"", 'Bitcoin Cash Fork: Crypto’s Big 2020 Election', 'What Is Tokenomics?']","['https://coinmarketcap.com/alexandria/article/bitcoin-vs-bitcoin-cash-vs-bitcoin-sv', 'https://coinmarketcap.com/alexandria/article/dogecoin-unleashed-doge-price-goes-crazy-as-carole-baskin-makes-surreal-endorsement', 'https://coinmarketcap.com/alexandria/article/what-are-mined-coins', 'https://coinmarketcap.com/alexandria/article/a-deep-dive-into-tezos', 'https://coinmarketcap.com/alexandria/article/bitcoin-cash-has-an-unlikely-new-supporter', 'https://coinmarketcap.com/alexandria/article/xrp-is-toxic-waste-and-bitcoin-cash-is-a-pile-of-s-messari-report-says', 'https://coinmarketcap.com/alexandria/article/bitcoin-cash-fork-cryptos-big-2020-election', 'https://coinmarketcap.com/alexandria/article/what-is-tokenomics']"
5567,Celo,celo,2021-04-12 20:23:21.333177+00:00,4.76,973951831,23207856,204757368,6,"['Ledger', 'Trezor', 'Math Wallet', 'Trust Wallet', 'Coinbase', 'Celo Wallet']",[],[]
2700,Celsius,celsius,2021-04-12 20:29:19.835333+00:00,7.06,1685839462,7989795,238863520,3,"['Ledger', 'Trust Wallet', 'MetaMask']",[],[]
4066,Chiliz,chiliz,2021-04-12 20:33:50.535918+00:00,0.5202,2905761855,1117073401,5586355378,3,"['Ledger', 'Trust Wallet', 'MetaMask']",[],[]
5692,Compound,compound,2021-04-12 20:32:02.251451+00:00,467.27,2367455308,207237581,5066521,5,"['Ledger', 'Trust Wallet', 'MetaMask', 'Coinbase', 'Safepal']",[],[]
3794,Cosmos,cosmos,2021-04-12 20:20:58.683715+00:00,22.18,4671521242,905634665,210640284,7,"['Ledger', 'Trezor', 'Math Wallet', 'Trust Wallet', 'Coinbase', 'Safepal', 'Cosmostation']","['Crypto Staking Guide 2021', 'What Are Mined Coins?\xa0', 'Oracles: The All-Seeing Eyes That Guide Crypto Networks', 'A Dive Into Staking']","['https://coinmarketcap.com/alexandria/article/crypto-staking-guide-2021', 'https://coinmarketcap.com/alexandria/article/what-are-mined-coins', 'https://coinmarketcap.com/alexandria/article/oracles-the-all-seeing-eye-that-guides-crypto-networks', 'https://coinmarketcap.com/alexandria/article/what-is-staking']"
3635,Crypto.com Coin,crypto-com-coin,2021-04-12 20:22:09.551531+00:00,0.2072,5233470568,117505238,25263013692,3,"['Ledger', 'Trust Wallet', 'MetaMask']",[],[]
4943,Dai,multi-collateral-dai,2021-04-12 20:34:13.326300+00:00,1.0,3271720497,295624472,3264387783,6,"['Ledger', 'Trust Wallet', 'MetaMask', 'Coinbase', 'Safepal', 'Binance Chain Wallet']","['Crypto Staking Guide 2021', 'The Flipside Stablecoin Recipe for Success\xa0', 'What Is a Non-Fungible Token (NFT)?', 'What Is Crypto Lending?', 'Alchemix — Pulling Back the Curtain: Flipside Crypto', 'Should I Invest In DeFi?', 'What Is Yield Farming?', 'YFI Token Suffers Sell-Offs as Millions of Dollars Stolen in Yearn.Finance Exploit']","['https://coinmarketcap.com/alexandria/article/crypto-staking-guide-2021', 'https://coinmarketcap.com/alexandria/article/the-flipside-stablecoin-recipe-for-success', 'https://coinmarketcap.com/alexandria/article/what-is-a-non-fungible-token-nft', 'https://coinmarketcap.com/alexandria/article/what-is-crypto-lending', 'https://coinmarketcap.com/alexandria/article/alchemix-pulling-back-the-curtain-flipside-crypto', 'https://coinmarketcap.com/alexandria/article/should-i-invest-in-defi', 'https://coinmarketcap.com/alexandria/article/what-is-yield-farming', 'https://coinmarketcap.com/alexandria/article/yfi-token-suffers-sell-offs-as-millions-of-dollars-stolen-in-yearn-finance-exploit']"
131,Dash,dash,2021-04-12 20:33:37.086702+00:00,277.81,2798876216,950229774,10074890,7,"['Ledger', 'Trezor', 'Math Wallet', 'Trust Wallet', 'Exodus', 'Coinbase', 'Dash Core']",['What Are Privacy Coins?'],['https://coinmarketcap.com/alexandria/article/what-are-privacy-coins']
1966,Decentraland,decentraland,2021-04-12 20:29:29.108922+00:00,1.08,1702595028,463878597,1578097513,4,"['Ledger', 'Trust Wallet', 'MetaMask', 'Coinbase']",[],[]
1168,Decred,decred,2021-04-12 20:32:14.433789+00:00,192.96,2472451786,29922775,12813458,5,"['Ledger', 'Trezor', 'Math Wallet', 'Trust Wallet', 'Exodus']",[],[]
1886,Dent,dent,2021-04-12 20:25:58.237512+00:00,0.01296,1218467363,137931591,94033927361,2,"['Trust Wallet', 'MetaMask']",[],[]
109,DigiByte,digibyte,2021-04-12 20:25:48.792735+00:00,0.08414,1195750460,47653181,14211548433,5,"['Ledger', 'Trezor', 'Math Wallet', 'Trust Wallet', 'Digibytewallets']",[],[]
1765,EOS,eos,2021-04-12 20:35:23.131041+00:00,6.51,6195909556,2259749091,952478991,9,"['Ledger', 'Trezor', 'Math Wallet', 'Trust Wallet', 'Coinbase', 'Cobo', 'imToken', 'Scatter', 'Safepal']",[],[]
6892,Elrond,elrond-egld,2021-04-12 20:35:01.978459+00:00,222.65,3848277722,334403879,17283646,5,"['Ledger', 'Trezor', 'Math Wallet', 'Trust Wallet', 'Elrond wallet']",[],[]
2130,Enjin Coin,enjin-coin,2021-04-12 20:32:26.102935+00:00,3.03,2529500281,444365522,834313757,3,"['Ledger', 'Trust Wallet', 'MetaMask']",['What Is a Non-Fungible Token (NFT)?'],['https://coinmarketcap.com/alexandria/article/what-is-a-non-fungible-token-nft']
1321,Ethereum Classic,ethereum-classic,2021-04-12 20:31:19.646215+00:00,19.32,2246790871,1330253512,116313299,6,"['Ledger', 'Trezor', 'Math Wallet', 'Trust Wallet', 'Exodus', 'Coinbase']","['A Dive Into Ethereum 2.0', 'Ethereum vs Ethereum Classic', 'What Is GPU Mining?', 'Why Nobody Can Hack a Blockchain', ""Who Are December's Top 25 'Healthiest' Crypto Projects?: Flipside Crypto"", 'What Is a DAO?', 'What Is a Hard Fork?', 'What Is Censorship Resistance?']","['https://coinmarketcap.com/alexandria/article/a-dive-into-ethereum-2-0', 'https://coinmarketcap.com/alexandria/article/ethereum-vs-ethereum-classic', 'https://coinmarketcap.com/alexandria/article/what-is-gpu-mining', 'https://coinmarketcap.com/alexandria/article/why-nobody-can-hack-a-blockchain', 'https://coinmarketcap.com/alexandria/article/who-are-decembers-top-25-healthiest-crypto-projects-flipside-crypto', 'https://coinmarketcap.com/alexandria/article/what-is-a-dao', 'https://coinmarketcap.com/alexandria/article/what-is-a-hard-fork', 'https://coinmarketcap.com/alexandria/article/what-is-censorship-resistance']"
4195,FTX Token,ftx-token,2021-04-12 20:21:32.531751+00:00,53.05,5004758278,294416030,94346958,4,"['Ledger', 'Trust Wallet', 'MetaMask', 'Binance Chain Wallet']",[],[]
3513,Fantom,fantom,2021-04-12 20:24:45.098930+00:00,0.4323,1100279380,80540853,2545006273,4,"['Ledger', 'Trust Wallet', 'MetaMask', 'Binance Chain Wallet']",[],[]
4558,Flow,flow,2021-04-12 20:26:32.512134+00:00,37.48,1273068888,182351292,33967817,1,['Ledger'],[],[]
4642,Hedera Hashgraph,hedera-hashgraph,2021-04-12 20:33:10.991629+00:00,0.3404,2694786604,205746748,7916862783,5,"['Ledger', 'Trezor', 'Math Wallet', 'Trust Wallet', 'Atomic wallet']",[],[]
5665,Helium,helium,2021-04-12 20:26:44.915069+00:00,16.35,1280050739,20201970,78312901,1,['Ledger'],[],[]
2682,Holo,holo,2021-04-12 20:34:04.166039+00:00,0.01905,3222579274,643848643,169164199065,3,"['Ledger', 'Trust Wallet', 'MetaMask']",[],[]
2502,Huobi Token,huobi-token,2021-04-12 20:20:18.546862+00:00,21.61,3950243095,1721600106,182827444,3,"['Ledger', 'Trust Wallet', 'MetaMask']",[],[]
2099,ICON,icon,2021-04-12 20:28:54.493413+00:00,2.69,1606062315,188313254,597151371,5,"['Ledger', 'Trezor', 'Math Wallet', 'Trust Wallet', 'ICONex']",[],[]
2405,IOST,iostoken,2021-04-12 20:23:46.192185+00:00,0.05955,975042742,464468054,16374175762,5,"['Ledger', 'TokenPocket', 'Trezor', 'Math Wallet', 'Trust Wallet']",[],[]
1720,IOTA,iota,2021-04-12 20:22:33.919809+00:00,1.99,5537861520,162968347,2779530283,5,"['Ledger', 'Trezor', 'Math Wallet', 'Trust Wallet', 'Trinity']",[],[]
2087,KuCoin Token,kucoin-token,2021-04-12 20:27:56.878113+00:00,18.81,1507192104,152940810,80118638,2,"['Trust Wallet', 'MetaMask']",[],[]
5034,Kusama,kusama,2021-04-12 20:34:37.281309+00:00,435.32,3687181052,286906751,8470098,4,"['Ledger', 'Trezor', 'Math Wallet', 'Trust Wallet']",[],[]
1518,Maker,maker,2021-04-12 20:32:46.606731+00:00,2623.47,2610976021,239226630,995239,6,"['Ledger', 'Trust Wallet', 'MetaMask', 'Coinbase', 'Safepal', 'Binance Chain Wallet']","['Crypto Staking Guide 2021', 'Should I Invest In DeFi?', 'What Is Yield Farming?', 'Bitcoin Price Could Hit $50,000 as Tesla Sparks Market Mania, Analyst Says', 'Tesla Is Facing Criticism after Buying Bitcoin — Why?', 'ETH Futures Finally Launch — How Are They Performing on Their First Day?', 'Elon Musk Taking a Break from Social Media After Backing Bitcoin', ""Blink and You'll Miss It: Ether *Briefly* Sets a New All-Time High""]","['https://coinmarketcap.com/alexandria/article/crypto-staking-guide-2021', 'https://coinmarketcap.com/alexandria/article/should-i-invest-in-defi', 'https://coinmarketcap.com/alexandria/article/what-is-yield-farming', 'https://coinmarketcap.com/alexandria/article/bitcoin-price-could-hit-50-000-as-tesla-sparks-market-mania-analyst-says', 'https://coinmarketcap.com/alexandria/article/tesla-is-facing-criticism-after-buying-bitcoin-why', 'https://coinmarketcap.com/alexandria/article/eth-futures-finally-launch-how-are-they-performing-on-their-first-day', 'https://coinmarketcap.com/alexandria/article/elon-musk-taking-a-break-from-social-media-after-backing-bitcoin', 'https://coinmarketcap.com/alexandria/article/blink-and-youll-miss-it-ether-briefly-sets-a-new-all-time-high']"
328,Monero,monero,2021-04-12 20:23:01.467605+00:00,319.62,5715684273,896206874,17882527,6,"['Ledger', 'Trezor', 'Math Wallet', 'Trust Wallet', 'Safepal', 'GUI Wallet']","['What Are Privacy Coins?', 'What Is a Non-Fungible Token (NFT)?', 'What Is a Crypto Faucet?', 'How to Mine Monero', 'How to Mine Bitcoin', 'What Is GPU Mining?', 'Top Cybersecurity Official Calls for Ransomware Payments Ban in the U.K.', 'What Are Mined Coins?\xa0']","['https://coinmarketcap.com/alexandria/article/what-are-privacy-coins', 'https://coinmarketcap.com/alexandria/article/what-is-a-non-fungible-token-nft', 'https://coinmarketcap.com/alexandria/article/what-is-a-crypto-faucet', 'https://coinmarketcap.com/alexandria/article/how-to-mine-monero', 'https://coinmarketcap.com/alexandria/article/how-to-mine-bitcoin', 'https://coinmarketcap.com/alexandria/article/what-is-gpu-mining', 'https://coinmarketcap.com/alexandria/article/top-cybersecurity-official-calls-for-ransomware-payments-ban-in-the-u-k', 'https://coinmarketcap.com/alexandria/article/what-are-mined-coins']"
6535,NEAR Protocol,near-protocol,2021-04-12 20:31:50.775884+00:00,6.66,2313505890,130044399,347534820,4,"['Ledger', 'Trezor', 'Math Wallet', 'Trust Wallet']",[],[]
873,NEM,nem,2021-04-12 20:34:47.732236+00:00,0.4188,3769060495,221395531,8999999999,6,"['Ledger', 'Trezor', 'Math Wallet', 'Trust Wallet', 'NEM Wallet', 'Safepal']",[],[]
1376,Neo,neo,2021-04-12 20:20:33.498482+00:00,62.59,4415096930,864072158,70538831,6,"['Ledger', 'Trezor', 'Math Wallet', 'Trust Wallet', 'Neon Wallet', 'Neotracker']",[],[]
2694,Nexo,nexo,2021-04-12 20:29:54.043225+00:00,3.16,1770674803,17359240,560000011,4,"['Ledger', 'Trust Wallet', 'MetaMask', 'Binance Chain Wallet']",[],[]
3897,OKB,okb,2021-04-12 20:27:18.387694+00:00,23.16,1389526290,597183976,60000000,3,"['Ledger', 'Trust Wallet', 'MetaMask']",[],[]
1808,OMG Network,omg,2021-04-12 20:26:54.014626+00:00,9.67,1356140418,526361034,140245398,5,"['Ledger', 'Trezor', 'Math Wallet', 'Trust Wallet', 'Coinbase']",[],[]
2566,Ontology,ontology,2021-04-12 20:27:42.219882+00:00,1.85,1497945177,430179763,809807991,5,"['Ledger', 'Trezor', 'Math Wallet', 'Trust Wallet', 'ONTO']",['A Guide To Self-Sovereign Identity: A Deep Dive by Ontology'],['https://coinmarketcap.com/alexandria/article/a-guide-to-self-sovereign-identity-a-deep-dive-by-ontology']
7186,PancakeSwap,pancakeswap,2021-04-12 20:20:06.962564+00:00,26.26,3936777125,1238180844,149906295,3,"['Ledger', 'MetaMask', 'Binance Chain Wallet']",['Uniswap vs PancakeSwap'],['https://coinmarketcap.com/alexandria/article/uniswap-vs-pancakeswap']
3330,Paxos Standard,paxos-standard,2021-04-12 20:23:13.034379+00:00,1.0,913616483,71285484,911941530,4,"['Ledger', 'Trust Wallet', 'MetaMask', 'Binance Chain Wallet']",['The Flipside Stablecoin Recipe for Success\xa0'],['https://coinmarketcap.com/alexandria/article/the-flipside-stablecoin-recipe-for-success']
3890,Polygon,polygon,2021-04-12 20:30:03.639961+00:00,0.354,1783627719,141616697,5038388130,3,"['Ledger', 'Trust Wallet', 'MetaMask']",[],[]
2603,Pundi X[old],pundi-x,2021-04-12 20:25:39.525157+00:00,0.004807,1138086705,639059,236751963902,2,"['Trust Wallet', 'MetaMask']",[],[]
1684,Qtum,qtum,2021-04-12 20:27:32.305136+00:00,14.5,1424585242,755271411,98279217,5,"['Ledger', 'Trezor', 'Math Wallet', 'Trust Wallet', 'Qtum Core']",[],[]
2577,Ravencoin,ravencoin,2021-04-12 20:28:25.503235+00:00,0.1861,1589599525,113969994,8541710000,1,['Ledger'],[],[]
2539,Ren,ren,2021-04-12 20:24:00.348144+00:00,1.02,1019695145,113663919,997163051,4,"['Ledger', 'Trust Wallet', 'MetaMask', 'Coinbase']",[],[]
3964,Reserve Rights,reserve-rights,2021-04-12 20:24:30.551452+00:00,0.08347,1098441218,81636679,13159999000,3,"['Ledger', 'Trust Wallet', 'MetaMask']",[],[]
2135,Revain,revain,2021-04-12 20:25:12.416647+00:00,0.01296,1102501821,5467271,85061485690,3,"['Ledger', 'Trust Wallet', 'MetaMask']",[],[]
1042,Siacoin,siacoin,2021-04-12 20:26:17.137816+00:00,0.02682,1274745512,124218435,47522422992,5,"['Ledger', 'Trezor', 'Math Wallet', 'Trust Wallet', 'Sia.UI']",[],[]
5426,Solana,solana,2021-04-12 20:35:52.046707+00:00,27.78,7502381910,307467003,270018859,6,"['Ledger', 'Trezor', 'Math Wallet', 'Trust Wallet', 'SolFlare', 'Sollet']",[],[]
4847,Stacks,stacks,2021-04-12 20:31:39.886931+00:00,2.1,2282750376,67011266,1087270006,5,"['Ledger', 'Trezor', 'Math Wallet', 'Trust Wallet', 'Hiro']",[],[]
6758,SushiSwap,sushiswap,2021-04-12 20:30:36.231991+00:00,16.11,2049875225,849976667,127244443,4,"['Ledger', 'Trust Wallet', 'MetaMask', 'Safepal']","['Sushi Cookbook: A Complete Tutorial on SUSHI DeFi Opportunities ', 'Crypto Outperforms Traditional Markets With DEX Tokens Leading the Way: A Data Perspective by IntoTheBlock', 'The Significance of Forks in DeFi: A Deep Dive by Outlier Ventures', 'What Is Yield Farming?', 'DeFi’s 10 Biggest Moments in 2020', 'How Decentralized Are Decentralized Networks?', 'Decentralized Liquidity Pools: A Deep Dive With FinNexus Options', 'Hedging Against Impermanent Loss: A Deep Dive With FinNexus Options']","['https://coinmarketcap.com/alexandria/article/sushiswap-cookbook-a-complete-tutorial-on-sushi-defi-opportunities', 'https://coinmarketcap.com/alexandria/article/crypto-outperforms-traditional-markets-with-dex-tokens-leading-the-way-a-data-perspective-by-intotheblock', 'https://coinmarketcap.com/alexandria/article/the-significance-of-forks-in-defi-a-deep-dive-by-outlier-ventures', 'https://coinmarketcap.com/alexandria/article/what-is-yield-farming', 'https://coinmarketcap.com/alexandria/article/defis-10-biggest-moments-in-2020', 'https://coinmarketcap.com/alexandria/article/how-decentralized-are-decentralized-networks', 'https://coinmarketcap.com/alexandria/article/decentralized-liquidity-pools-a-deep-dive-with-finnexus-options', 'https://coinmarketcap.com/alexandria/article/hedging-against-impermanent-loss-a-deep-dive-with-finnexus-options']"
2499,SwissBorg,swissborg,2021-04-12 20:24:08.301374+00:00,1.03,1032045864,8030096,1000000000,3,"['Ledger', 'Trust Wallet', 'MetaMask']",[],[]
2586,Synthetix,synthetix-network-token,2021-04-12 20:31:24.913263+00:00,19.84,2278540177,117910441,114841533,6,"['Ledger', 'Trust Wallet', 'MetaMask', 'Coinbase', 'Safepal', 'Binance Chain Wallet']",[],[]
4157,THORChain,thorchain,2021-04-12 20:33:22.735156+00:00,11.83,2741473997,146793213,231825761,2,"['Ledger', 'Binance Chain Wallet']",[],[]
4172,Terra,terra-luna,2021-04-12 20:22:47.029142+00:00,14.56,5559818042,210614347,381979834,5,"['Ledger', 'Trezor', 'Math Wallet', 'Trust Wallet', 'Terra Wallet']",[],[]
7129,TerraUSD,terrausd,2021-04-12 20:29:42.672922+00:00,0.9994,1758249484,58746263,1759336854,3,"['Ledger', 'Trust Wallet', 'MetaMask']",[],[]
2011,Tezos,tezos,2021-04-12 20:21:12.114725+00:00,6.26,4797064864,483439256,766200176,6,"['Ledger', 'Trezor', 'Math Wallet', 'Trust Wallet', 'Safepal', 'AirGap']","['Crypto Staking Guide 2021', 'A Deep Dive Into Tezos']","['https://coinmarketcap.com/alexandria/article/crypto-staking-guide-2021', 'https://coinmarketcap.com/alexandria/article/a-deep-dive-into-tezos']"
6719,The Graph,the-graph,2021-04-12 20:33:01.597887+00:00,2.12,2634839341,634827914,1245666867,4,"['Ledger', 'Trust Wallet', 'MetaMask', 'Coinbase']","['How to Solve the Blockchain Data Query Issue and What The Graph Service Has to Say', 'Ethereum ATH Propelled by Exchange Outflows & Institutional Activity: A Data Perspective by IntoTheBlock', ""CoinMarketCap's 2020 Round-Up: The Good, The Bad and The Bitcoin"", 'Is Tether About to Take Over DeFi?: Flipside Crypto', 'CoinMarketCap Earn Launches 1,000,000 GRT Campaign With The Graph', 'Bitcoin’s Next Moves: A Data Perspective by IntoTheBlock', 'A Deep Dive Into The Graph']","['https://coinmarketcap.com/alexandria/article/how-to-solve-the-blockchain-data-query-issue-and-what-the-graph-service-has-to-say', 'https://coinmarketcap.com/alexandria/article/ethereum-ath-propelled-by-exchange-outflows-institutional-activity-a-data-perspective-by-intotheblock', 'https://coinmarketcap.com/alexandria/article/coinmarketcaps-2020-round-up', 'https://coinmarketcap.com/alexandria/article/is-tether-about-to-take-over-defi-flipside-crypto', 'https://coinmarketcap.com/alexandria/article/coinmarketcap-earn-launches-1-000-000-grt-campaign-with-the-graph', 'https://coinmarketcap.com/alexandria/article/bitcoins-next-moves-a-data-perspective-by-intotheblock', 'https://coinmarketcap.com/alexandria/article/a-deep-dive-into-the-graph']"
3822,Theta Fuel,theta-fuel,2021-04-12 20:30:14.557133+00:00,0.3512,1850879996,42977067,5270590400,1,['Ledger'],[],[]
5617,UMA,uma,2021-04-12 20:28:32.810603+00:00,26.49,1590596254,50765081,60055345,4,"['Ledger', 'Trust Wallet', 'MetaMask', 'Coinbase']",[],[]
3957,UNUS SED LEO,unus-sed-leo,2021-04-12 20:30:49.828582+00:00,2.12,2117753848,1586723,999498893,3,"['Ledger', 'Trust Wallet', 'MetaMask']",[],[]
3077,VeChain,vechain,2021-04-12 20:36:05.273616+00:00,0.1323,8511724616,1332516794,64315576989,6,"['Ledger', 'Trezor', 'Math Wallet', 'Trust Wallet', 'Exodus', 'Safepal']",[],[]
1817,Voyager Token,voyager-token,2021-04-12 20:24:58.197816+00:00,4.96,1102598596,39114161,222295208,3,"['Ledger', 'Trust Wallet', 'MetaMask']",[],[]
1274,Waves,waves,2021-04-12 20:28:41.539441+00:00,15.28,1601308397,123369013,104825896,5,"['Ledger', 'Trezor', 'Math Wallet', 'Trust Wallet', 'Waves Exchange']",[],[]
3717,Wrapped Bitcoin,wrapped-bitcoin,2021-04-12 20:36:17.235661+00:00,60260.42,8795049486,206394135,145951,5,"['Ledger', 'Trust Wallet', 'MetaMask', 'Coinbase', 'Safepal']","['What Are ERC-20 Tokens? Find Out Now as the Decentralized Finance Industry Takes Off', ""Bitcoin's 10 Biggest Moments in 2020"", 'Bitcoin’s Next Moves: A Data Perspective by IntoTheBlock', 'How to Buy Bitcoin', 'What Is Wrapped Bitcoin?']","['https://coinmarketcap.com/alexandria/article/what-are-erc-20-tokens-find-out-now-as-the-decentralized-finance-industry-takes-off', 'https://coinmarketcap.com/alexandria/article/bitcoins-10-biggest-moments-in-2020', 'https://coinmarketcap.com/alexandria/article/bitcoins-next-moves-a-data-perspective-by-intotheblock', 'https://coinmarketcap.com/alexandria/article/how-to-buy-bitcoin', 'https://coinmarketcap.com/alexandria/article/what-is-wrapped-bitcoin']"
1437,Zcash,zcash,2021-04-12 20:32:37.161738+00:00,218.92,2526490847,1133542095,11540544,6,"['Ledger', 'Trezor', 'Math Wallet', 'Trust Wallet', 'ZCash Wallet', 'Coinbase']","['What Are Privacy Coins?', 'What Is a Crypto Faucet?', 'How to Mine Bitcoin', 'Mining Zcash Explained', 'What Is Tornado Cash?', ""Pornhub Goes Crypto Only and Says It Is Being 'Targeted' By Visa and Mastercard"", 'Want to Study Crypto and Blockchain? Here Is Where and How', 'How Long Does It Take to Mine One Bitcoin?']","['https://coinmarketcap.com/alexandria/article/what-are-privacy-coins', 'https://coinmarketcap.com/alexandria/article/what-is-a-crypto-faucet', 'https://coinmarketcap.com/alexandria/article/how-to-mine-bitcoin', 'https://coinmarketcap.com/alexandria/article/mining-zcash-explained', 'https://coinmarketcap.com/alexandria/article/what-is-tornado-cash', 'https://coinmarketcap.com/alexandria/article/pornhub-goes-crypto-only-and-says-it-is-being-targeted-by-visa-and-mastercard', 'https://coinmarketcap.com/alexandria/article/want-to-study-crypto-and-blockchain-here-is-where-and-how', 'https://coinmarketcap.com/alexandria/article/how-long-does-it-take-to-mine-one-bitcoin']"
2469,Zilliqa,zilliqa,2021-04-12 20:31:10.396096+00:00,0.1987,2217546544,145988129,11162665157,5,"['Ledger', 'Trezor', 'Math Wallet', 'Trust Wallet', 'Atomic wallet']",[],[]
5864,yearn.finance,yearn-finance,2021-04-12 20:28:10.588196+00:00,43217.24,1583261047,367748796,36635,5,"['Ledger', 'Trust Wallet', 'MetaMask', 'Coinbase', 'Binance Chain Wallet']","['Crypto Staking Guide 2021', 'What Is a Non-Fungible Token (NFT)?', 'Alchemix — Pulling Back the Curtain: Flipside Crypto', 'Should I Invest In DeFi?', 'What Is Yield Farming?', 'YFI Token Suffers Sell-Offs as Millions of Dollars Stolen in Yearn.Finance Exploit', 'Does Bitcoin Really Lift the Altcoin Market?', 'DeFi’s 10 Biggest Moments in 2020']","['https://coinmarketcap.com/alexandria/article/crypto-staking-guide-2021', 'https://coinmarketcap.com/alexandria/article/what-is-a-non-fungible-token-nft', 'https://coinmarketcap.com/alexandria/article/alchemix-pulling-back-the-curtain-flipside-crypto', 'https://coinmarketcap.com/alexandria/article/should-i-invest-in-defi', 'https://coinmarketcap.com/alexandria/article/what-is-yield-farming', 'https://coinmarketcap.com/alexandria/article/yfi-token-suffers-sell-offs-as-millions-of-dollars-stolen-in-yearn-finance-exploit', 'https://coinmarketcap.com/alexandria/article/does-bitcoin-really-lift-the-altcoin-market', 'https://coinmarketcap.com/alexandria/article/defis-10-biggest-moments-in-2020']"
